"","ntaxa","pd.obs","pd.rand.mean","pd.rand.sd","pd.obs.rank","pd.obs.z","pd.obs.p","runs"
"Woody",1858,38235.4716764218,44202.9372264331,642.386534765755,1,-9.28952465074221,0.001,999
"Herb",3750,55771.2441051352,68704.2632469515,587.40765867467,1,-22.0171101803408,0.001,999
