"","ntaxa","mpd.obs","mpd.rand.mean","mpd.rand.sd","mpd.obs.rank","mpd.obs.z","mpd.obs.p","runs","NRI"
"Woody",1858,271.477063859314,256.538434169942,1.75437216567846,1000,8.51508589888931,1,999,-8.51508589888931
"Herb",3750,242.356616596264,256.538187295157,0.868581961973886,1,-16.327268259941,0.001,999,16.327268259941
