"","ntaxa","mntd.obs","mntd.rand.mean","mntd.rand.sd","mntd.obs.rank","mntd.obs.z","mntd.obs.p","runs","NTI"
"Woody",1858,25.399962035063,29.4776785677435,0.737687376648087,1,-5.52770273934863,0.001,999,5.52770273934863
"Herb",3750,19.1378526389014,23.2513885653239,0.334470474393369,1,-12.2986518731835,0.001,999,12.2986518731835
